{"stats":{"minecraft:killed":{"minecraft:sheep":3,"zombie_extreme:revived":5,"zombie_extreme:clicker":1,"zombie_extreme:goon":1,"minecraft:zombie":8,"minecraft:pig":8,"zombie_extreme:infected_military":1,"zombie_extreme:infected":1,"zombie_extreme:night_hunter":2,"minecraft:stray":2,"zombie_extreme:infected_police":1,"minecraft:iron_golem":1,"minecraft:rabbit":1,"minecraft:spider":1,"zombie_extreme:infected_juggernaut":1,"zombie_extreme:assasin_black_ops":1,"zombie_extreme:parasite":1,"zombie_extreme:runner":3,"minecraft:villager":1,"minecraft:creeper":3,"minecraft:enderman":1},"minecraft:picked_up":{"minecraft:porkchop":8,"zombie_extreme:police_suit_chestplate":1,"minecraft:spruce_log":5,"minecraft:grass_block":1,"minecraft:string":2,"minecraft:spider_eye":1,"minecraft:dirt":11,"minecraft:bone":3,"minecraft:arrow":3,"minecraft:rotten_flesh":7,"minecraft:bow":1,"minecraft:wheat_seeds":1,"minecraft:rabbit_hide":1,"minecraft:rabbit":1},"minecraft:used":{"minecraft:rabbit":1,"zombiekit:bomb_leggings":1,"lrarmor:defender_helmet":1,"lrarmor:defender_boots":1,"lrarmor:defender_leggings":1,"lrarmor:defender_chestplate":1,"minecraft:golden_apple":1,"minecraft:potion":4,"minecraft:cooked_porkchop":4,"zombiekit:bomb_chestplate":1,"zombiekit:bomb_helmet":1,"zombiekit:bomb_boots":1},"minecraft:custom":{"minecraft:time_since_rest":56335,"lootr:looted_stat":1,"minecraft:sprint_one_cm":57100,"minecraft:walk_one_cm":117611,"minecraft:damage_taken":282,"minecraft:damage_absorbed":4,"minecraft:mob_kills":48,"minecraft:damage_dealt":118,"minecraft:swim_one_cm":1275,"minecraft:fly_one_cm":111097,"minecraft:crouch_one_cm":11825,"minecraft:play_time":56335,"minecraft:sneak_time":3434,"minecraft:walk_under_water_one_cm":1129,"minecraft:damage_dealt_resisted":1530,"minecraft:jump":394,"minecraft:leave_game":4,"minecraft:walk_on_water_one_cm":1661,"minecraft:time_since_death":56335,"minecraft:climb_one_cm":1404,"minecraft:total_world_time":56335,"minecraft:fall_one_cm":5529},"minecraft:mined":{"minecraft:spruce_log":5,"minecraft:grass":3,"minecraft:grass_block":7,"minecraft:dirt":4,"minecraft:packed_ice":5}},"DataVersion":3465}